{
  "project_info": {
    "project_number": "427649034169",
    "project_id": "login-page-8864b",
    "storage_bucket": "login-page-8864b.appspot.com"
  },
  "client": [
    {
      "client_info": {
        "mobilesdk_app_id": "1:427649034169:android:bdf0a73bab20d235bdf868",
        "android_client_info": {
          "package_name": "com.example.loginpage"
        }
      },
      "oauth_client": [
        {
          "client_id": "427649034169-eo5fblq6ounq95nbd8jjvbu3blnb6nj2.apps.googleusercontent.com",
          "client_type": 3
        }
      ],
      "api_key": [
        {
          "current_key": "AIzaSyDJH2ponsFaKciOVTy7oHpkt-h1bor9K2k"
        }
      ],
      "services": {
        "appinvite_service": {
          "other_platform_oauth_client": [
            {
              "client_id": "427649034169-eo5fblq6ounq95nbd8jjvbu3blnb6nj2.apps.googleusercontent.com",
              "client_type": 3
            }
          ]
        }
      }
    }
  ],
  "configuration_version": "1"
}